model,response,time_s,prompt_tokens,completion_tokens,total_tokens,prompt_id
gpt-4o,"""The Polish economy is developing at a rapid pace.""",1.33,29,10,39,test_01_translation
gpt-4o-mini,"""The Polish economy is developing at a rapid pace.""",1.8,29,10,39,test_01_translation
gpt-4.1,"""Poland's economy is developing rapidly.""",1.58,29,9,38,test_01_translation
gpt-3.5-turbo,"""The Polish economy is developing at a fast pace.""",4.32,34,10,44,test_01_translation
gpt-4o,"Artificial intelligence models are capable of handling large datasets and aiding decision-making processes. However, their success relies on the quality of data, proper model tuning, and adherence to ethical guidelines.",1.96,45,36,81,test_02_summary
gpt-4o-mini,"Artificial intelligence models are capable of analyzing vast amounts of data to aid in decision-making, but their performance relies heavily on the quality of the data, proper tuning of the models, and adherence to ethical guidelines. Therefore, ensuring these factors is crucial for maximizing the effectiveness of AI systems.",1.46,45,56,101,test_02_summary
gpt-4.1,"Artificial intelligence models help analyze large datasets and support decision making. However, their success relies on high-quality data, proper model adjustments, and adherence to ethical considerations.",1.56,45,32,77,test_02_summary
gpt-3.5-turbo,"Artificial intelligence models can analyze vast amounts of data and help with decision-making, but their performance is influenced by the quality of the data, the tuning of the model, and ethical considerations. The effectiveness of artificial intelligence models relies on factors such as data quality, model tuning, and ethical guidelines.",0.88,46,59,105,test_02_summary
gpt-4o,"To determine whether we can conclude that some A are C, let's break down the given statements:

1. All A are B: This means that every member of set A is also a member of set B.

2. Some B are C: This indicates that there is at least one member of set B that is also a member of set C.

The question asks if these statements allow us to conclude that some A are C. To assess this, we need to consider the relationships involved:

- Since all A are B, every element of A is included within B.
- However, the statement ""some B are C"" only tells us that there is overlap between sets B and C, but it does not specify which elements of B are also in C.

The key point here is that the overlap between B and C does not necessarily include any elements from A. It is possible that the elements of B that are also in C do not include any of the elements from A. 

Therefore, based on the information given, we cannot definitively conclude that some A are C. The logical structure does not ensure that the intersection of B and C contains any elements from A. 

In conclusion, we cannot make the assertion that some A are C with the information provided.",5.41,32,254,286,test_03_reasoning
gpt-4o-mini,"To analyze the statement ""If all A are B, and some B are C, can we conclude that some A are C?"", we can use logical reasoning.

1. The first part of the statement, ""All A are B,"" means that every element in set A is also an element in set B. We can represent this as:
   - A ⊆ B (A is a subset of B)

2. The second part, ""Some B are C,"" means that there is at least one element in set B that is also in set C. This can be represented as:
   - B ∩ C ≠ ∅ (the intersection of B and C is not empty)

Now, to determine if we can conclude ""some A are C,"" we need to examine the relationship between these sets:

- Since all A are included in B (A ⊆ B), any element of A is also an element of B.
- However, just because some elements of B are also in C, it doesn't guarantee that any of those elements in C are from A. 

To illustrate this with an example:
- Let A = {1, 2, 3} (all A)
- Let B = {1, 2, 3, 4, 5} (all A are in B)
- Let C = {4, 5} (some B are in C)

In this case, even though some elements of B (specifically 4 and 5) are in C, none of the elements from A (1, 2, or 3) are in C.

Therefore, we cannot conclude that ""some A are C."" The correct conclusion is that we cannot deduce any relationship between A and C based solely on the given premises. 

So the answer is: **No, we cannot conclude that some A are C.**",8.42,32,382,414,test_03_reasoning
gpt-4.1,"Let’s analyze the statements:

1. **All A are B**  
   This means every member of set A is also a member of set B. (A is a subset of B.)

2. **Some B are C**  
   This means there is at least one member that is both in B and C.

**Question:**  
Can we conclude that *some A are C*? (Is there at least one member that is both in A and C?)

---

### Reasoning

Let’s use a Venn diagram for visualization and consider some possibilities.

#### Possibility 1: Overlap Exists

- If the subset of B that is both B and C happens to include at least one member from A, then yes, some A are C.

#### Possibility 2: No Overlap

- However, it’s possible that all the A’s are in the part of B that is **not** in C. For example, imagine B has 10 elements: A is 1-5, C is 6-8. So, some B (6-8) are C, but none of A (1-5) are C.

---

### Conclusion

**No, we cannot conclude that some A are C.**

**Why?**  
Because while all A are B, and some B are C, it’s possible that the ""some B"" that are C do **not** include any elements from A. The overlap between B and C could be entirely separate from A.

#### Example:

- A = {1,2,3}
- B = {1,2,3,4,5}
- C = {4,5}

Here:
- All A are B.
- Some B (4,5) are C.
- But no A is C.

---

### **Final Answer**

> **No, we cannot conclude that some A are C.**  
> The information given does not guarantee that any member of A is also a member of C, even though all A are B and some B are C. The overlap between B and C might not include any elements from A.",7.76,32,434,466,test_03_reasoning
gpt-3.5-turbo,"No, we cannot conclude that some A are C based on the given premises. 

The statement ""All A are B"" means that every A is also a B. This does not necessarily mean that there are any C's among the A's. 

The statement ""Some B are C"" means that there is at least one B that is also a C. However, this does not necessarily mean that any of the A's are also C's. 

Therefore, we cannot make the conclusion that some A are C based solely on the given premises.",2.2,32,111,143,test_03_reasoning
